file,priority,rawInput,rawSelect,rawTextarea,inlineStyle,arbitraryZ,manualPalette,createPortal,rawTable,TextField,SelectField,TextareaField,SearchableSelectField,AppSearchField,ModalField,DialogShell,AppModal,DataTableShell,ManagementDirectoryTable
components/ui/FinancialTimeline.tsx,FOUNDATION,0,0,0,0,0,86,0,0,0,0,0,0,0,0,0,0,0,0
components/ui/FinancialTimelineEvent.tsx,FOUNDATION,0,0,0,0,0,63,0,0,0,0,0,0,0,0,0,0,0,0
components/ui/ManagementDirectory.tsx,FOUNDATION,0,0,0,0,0,63,0,0,0,0,0,0,0,0,0,0,0,0
components/ui/ManagementDirectoryOverview.tsx,FOUNDATION,0,0,0,0,0,49,0,0,0,0,0,0,0,0,0,0,0,0
components/ui/TableActionGroup.tsx,FOUNDATION,0,0,0,1,0,30,0,0,0,0,0,0,0,0,0,0,0,0
components/ui/ManagementDirectoryTable.tsx,FOUNDATION,0,0,0,0,0,23,0,1,0,0,0,0,0,0,0,0,0,0
components/ui/PageShell.tsx,FOUNDATION,0,0,0,0,0,22,0,0,0,0,0,0,0,0,0,0,0,0
components/ui/PageKit.tsx,FOUNDATION,0,0,0,0,0,18,0,0,0,0,0,0,2,0,0,0,0,0
components/ui/PanelCard.tsx,FOUNDATION,0,0,0,0,0,16,0,0,0,0,0,0,0,0,0,0,0,0
components/ui/IconGlyph.tsx,FOUNDATION,0,0,0,0,0,10,0,0,0,0,0,0,0,0,0,0,0,0
components/ui/ManagementDirectoryPagination.tsx,FOUNDATION,0,0,0,0,0,10,0,0,0,0,0,0,0,0,0,0,0,0
components/ui/ManagementDirectoryToolbar.tsx,FOUNDATION,0,0,0,0,0,6,0,0,0,1,0,0,1,0,0,0,0,0
components/ui/Surface.tsx,FOUNDATION,0,0,0,0,0,3,0,0,0,0,0,0,0,0,0,0,0,0
components/ui/DialogShell.tsx,FOUNDATION,0,0,0,0,0,1,2,0,0,0,0,0,0,0,0,0,0,0
components/ui/AppSearchField.tsx,FOUNDATION,1,0,0,0,0,0,0,0,0,0,0,0,0,0,0,0,0,0
components/ui/CheckboxField.tsx,FOUNDATION,1,0,0,0,0,0,0,0,0,0,0,0,0,0,0,0,0,0
components/ui/RangeField.tsx,FOUNDATION,1,0,0,0,0,0,0,0,0,0,0,0,0,0,0,0,0,0
components/ui/DataTableShell.tsx,FOUNDATION,0,0,0,0,0,0,0,1,0,0,0,0,0,0,0,0,0,0
components/ui/PortalLayer.tsx,FOUNDATION,0,0,0,0,0,0,2,0,0,0,0,0,0,0,0,0,0,0
components/ui/SearchableSelectField.tsx,FOUNDATION,0,0,0,3,2,0,0,0,0,0,0,0,0,0,0,0,0,0
pages/settings/SettingsTelegramPanel.tsx,P1,0,0,0,8,0,1128,0,0,19,6,5,0,0,11,0,0,0,0
pages/mobilePhones/MobilePhonesMainWorkspace.tsx,P1,0,0,0,14,0,1047,0,1,4,9,1,4,0,0,0,0,1,0
pages/mobilePhones/MobilePhonesModalStack.tsx,P1,3,0,0,17,0,687,0,0,0,4,1,1,0,0,0,0,0,0
pages/Expenses.tsx,P1,0,0,0,2,0,527,0,2,10,3,3,0,1,14,0,0,2,0
pages/InstallmentSaleDetailPage.tsx,P1,0,0,0,0,0,385,0,1,7,2,1,0,0,17,0,0,0,0
pages/mobilePhones/MobilePhonesController.tsx,P1,0,0,0,1,0,204,0,1,0,0,0,0,0,0,0,0,0,0
pages/settings/SettingsLocalPanel.tsx,P1,0,0,0,0,0,203,0,0,4,1,0,0,0,0,0,0,0,0
pages/AddInstallmentSalePage.tsx,P1,0,0,0,0,0,196,0,4,17,2,1,4,0,13,0,0,0,0
pages/mobilePhones/PhoneMarketEvidencePanel.tsx,P1,0,0,0,0,0,180,0,0,14,6,1,0,0,0,0,0,0,0
pages/settings/SettingsModulesPanel.tsx,P1,0,0,0,0,0,178,0,0,0,0,0,0,0,0,0,0,0,0
pages/mobilePhones/PhoneComparablePriceEstimateCard.tsx,P1,0,0,0,0,0,156,0,0,0,0,0,0,0,0,0,0,0,0
pages/settings/SettingsAccountPanel.tsx,P1,0,0,0,1,0,156,0,0,6,0,0,0,0,0,0,0,0,0
pages/settings/SettingsPricingPanel.tsx,P1,0,0,0,1,0,142,0,0,3,3,0,0,0,0,0,0,0,0
pages/settings/SettingsBusinessPanel.tsx,P1,0,0,0,0,0,136,0,0,11,1,0,0,0,0,0,0,0,0
pages/Products.tsx,P1,1,0,0,0,0,122,0,4,6,2,0,2,1,9,0,0,3,0
pages/InstallmentSalesPage.tsx,P1,0,0,0,1,0,122,0,2,0,0,0,0,0,0,0,0,0,0
pages/mobilePhones/PhoneBulkPurchaseModal.tsx,P1,0,0,0,0,0,120,0,0,1,2,0,1,0,0,1,0,0,0
pages/Repairs.tsx,P1,0,0,0,0,0,109,0,1,0,1,0,0,0,0,0,0,0,1
pages/settings/SettingsSmsPanel.tsx,P1,0,0,0,0,0,94,0,0,2,2,0,0,0,0,0,0,0,0
pages/inventory/ProductsManager.tsx,P1,0,0,0,4,0,93,0,3,5,0,0,2,0,6,0,0,1,0
pages/RepairDetail.tsx,P1,0,0,0,0,0,84,0,0,2,0,1,2,0,6,0,0,0,0
pages/reports/InventoryTurnoverReport.tsx,P1,0,0,0,0,0,78,0,0,0,0,0,0,0,0,0,0,0,0
pages/mobilePhones/PhoneIntakeSummaryPanel.tsx,P1,0,0,0,0,0,73,0,0,0,0,0,0,0,0,0,0,0,0
pages/mobilePhones/mobilePhonesControllerSupport.tsx,P1,0,0,0,0,0,66,0,0,0,0,0,0,0,0,0,0,0,0
pages/Customers.tsx,P1,0,0,0,0,0,61,0,0,3,0,2,0,0,5,0,0,0,1
pages/reports/PhoneInstallmentSalesReport.tsx,P1,0,0,0,0,0,58,0,1,0,1,0,0,1,0,0,0,1,0
pages/reports/InventoryFifo.tsx,P1,1,0,0,0,0,52,0,1,0,0,0,0,0,0,0,0,1,0
components/inventory/InventoryDeleteConfirmContent.tsx,P1,0,0,0,0,0,52,0,0,0,0,0,0,0,0,0,0,0,0
pages/settings/SettingsController.tsx,P1,0,0,0,0,0,39,0,0,0,0,0,0,0,0,0,0,0,0
pages/inventoryPro/InventoryProPage.tsx,P1,0,0,0,0,0,29,0,2,13,0,2,2,0,0,0,0,2,0
pages/settings/SettingsPartnerNotice.tsx,P1,0,0,0,0,0,29,0,0,0,0,0,0,0,0,0,0,0,0
pages/inventory/InventoryHub.tsx,P1,0,0,0,0,0,22,0,1,3,0,0,1,0,0,0,0,1,0
pages/settings/SettingsHeaderBar.tsx,P1,0,0,0,0,0,21,0,0,0,0,0,0,0,0,0,0,0,0
pages/Purchases.tsx,P1,2,0,0,0,0,15,0,0,0,0,0,2,0,0,0,0,0,0
pages/InstallmentSaleContractPrintPage.tsx,P1,0,0,0,13,0,15,0,3,0,0,0,0,0,0,0,0,0,0
pages/settings/SettingsWorkspaceSection.tsx,P1,0,0,0,0,0,12,0,0,0,0,0,0,0,0,0,0,0,0
pages/settings/LazySettingsTelegramPanel.tsx,P1,0,0,0,0,0,11,0,0,0,0,0,0,0,0,0,0,0,0
pages/RepairReceipt.tsx,P1,0,0,0,3,0,10,0,1,0,0,0,0,0,0,0,0,0,0
pages/settings/SettingsRemindersPanel.tsx,P1,0,0,0,0,0,7,0,0,0,0,0,0,0,0,0,0,0,0
pages/Partners.tsx,P1,0,0,0,0,0,4,0,0,4,1,2,0,0,7,0,0,0,0
pages/settings/SettingsRestoreModal.tsx,P1,0,0,0,0,0,2,0,0,0,0,0,0,0,0,0,0,0,0
pages/mobilePhones/MobilePhonesRender.tsx,P1,0,0,0,1,0,0,0,0,0,0,0,0,0,0,0,0,0,0
pages/reports/InventoryAnalysisReport.tsx,P1,0,0,0,0,0,0,0,1,0,1,0,0,1,0,0,0,1,0
pages/reports/TopCustomersReport.tsx,P1,0,0,0,0,0,0,0,1,1,1,0,0,0,0,0,0,0,0
pages/settings/SettingsUsersPanel.tsx,P1,0,0,0,0,0,0,0,1,1,1,0,0,0,0,0,0,1,0
pages/Dashboard.tsx,P2,2,0,0,0,0,745,0,0,0,0,0,0,0,0,0,0,0,0
components/ReminderRulesBuilder.tsx,P2,5,0,0,0,0,530,0,0,0,2,2,0,0,0,0,0,0,0
pages/reports/ProductSalesReport.tsx,P2,0,0,0,1,0,446,0,1,0,3,0,0,1,0,1,0,1,0
pages/partnerDetail/PartnerLedgerWorkspaceSection.tsx,P2,1,0,0,0,0,355,0,1,0,3,0,0,1,0,0,0,1,0
pages/customerDetail/CustomerTelegramConversationSection.tsx,P2,2,0,0,0,0,339,0,0,1,0,1,0,0,0,0,0,0,0
pages/customerDetail/CustomerDetailHeroOverviewSection.tsx,P2,1,0,0,0,0,327,0,0,0,0,0,0,0,0,0,0,0,0
pages/customerDetail/CustomerLedgerRenderSection.tsx,P2,1,0,0,0,0,310,0,0,0,2,0,0,0,0,0,0,0,0
pages/partnerDetail/PartnerDetailController.tsx,P2,0,0,0,0,0,308,0,1,0,0,0,0,0,0,0,0,0,0
pages/SearchResults.tsx,P2,1,0,0,0,1,298,0,0,0,0,0,0,0,0,0,0,0,0
pages/settings/StoreOwnershipPage.tsx,P2,0,0,0,3,0,279,0,3,6,0,1,2,0,0,0,0,0,0
pages/partnerDetail/PartnerTelegramConversationSection.tsx,P2,0,0,0,0,0,241,0,0,0,0,1,0,1,0,0,0,0,0
pages/reports/RealizedProfitReport.tsx,P2,0,0,0,2,0,232,0,0,0,0,0,0,1,0,0,0,0,0
components/SmsLogsPanel.tsx,P2,0,0,0,0,0,231,0,0,1,3,0,0,0,0,0,0,0,0
pages/customerDetail/CustomerDetailController.tsx,P2,0,0,0,0,0,224,0,0,0,0,0,0,0,0,0,0,0,0
pages/reports/PartnerPerformanceReport.tsx,P2,3,0,0,0,0,218,0,14,0,1,1,3,0,0,0,0,0,0
components/AiFeatureControlPanel.tsx,P2,0,0,0,1,0,176,0,0,0,0,0,0,0,0,0,0,0,0
pages/partnerDetail/PartnerSettlementAtomicSubmitContractSection.tsx,P2,0,0,0,0,0,175,0,0,0,0,0,0,0,0,0,0,0,0
pages/SalesCartPage.tsx,P2,0,0,0,0,0,165,0,0,0,0,0,1,0,0,0,0,0,0
pages/partnerDetail/PartnerSettlementAtomicSubmitDryRunHarnessSection.tsx,P2,0,0,0,0,0,163,0,0,0,0,0,0,0,0,0,0,0,0
components/TelegramLogsPanel.tsx,P2,0,0,0,0,0,159,0,1,1,2,0,0,0,0,0,0,0,0
pages/partnerDetail/PartnerSettlementReviewFlowSection.tsx,P2,0,0,0,0,0,154,0,0,0,0,0,0,0,0,0,0,0,0
pages/reports/MobileSalesAnalytics.tsx,P2,0,0,0,0,0,154,0,4,0,1,0,0,1,0,1,0,4,0
pages/partnerDetail/PartnerSettlementConfirmationDraftSection.tsx,P2,0,0,0,0,0,153,0,0,0,0,0,0,0,0,0,0,0,0
pages/partnerDetail/PartnerSettlementExecutionDraftSection.tsx,P2,0,0,0,0,0,153,0,0,0,0,0,0,0,0,0,0,0,0
pages/partnerDetail/PartnerSettlementAuditTrailPreviewSection.tsx,P2,0,0,0,0,0,152,0,0,0,0,0,0,0,0,0,0,0,0
pages/partnerDetail/PartnerSettlementGuardedSubmitDesignSection.tsx,P2,0,0,0,0,0,151,0,0,0,0,0,0,0,0,0,0,0,0
pages/partnerDetail/PartnerPhoneCapitalSection.tsx,P2,0,0,0,0,0,140,0,1,0,2,0,0,1,0,0,0,1,0
pages/Profile.tsx,P2,0,0,0,0,0,138,0,0,0,0,0,0,0,0,0,0,0,0
pages/partnerDetail/PartnerBusinessSettlementReadinessSection.tsx,P2,0,0,0,0,0,137,0,0,0,0,0,0,0,0,0,0,0,0
pages/partnerDetail/PartnerSettlementSubmitUiIntegrationSection.tsx,P2,0,0,0,0,0,136,0,0,0,0,0,0,0,0,0,0,0,0
pages/partnerDetail/PartnerSettlementReconciliationExportSignoffPackSection.tsx,P2,0,0,0,0,0,133,0,0,0,0,0,0,0,0,0,0,0,0
pages/reports/AnalyticsDashboard.tsx,P2,1,0,0,0,0,132,0,4,0,0,0,0,0,0,0,0,4,0
pages/partnerDetail/PartnerSettlementPostSubmitReconciliationReviewSection.tsx,P2,0,0,0,0,0,126,0,0,0,0,0,0,0,0,0,0,0,0
pages/partnerDetail/PartnerPurchaseHistorySection.tsx,P2,0,0,0,0,0,125,0,1,0,1,0,0,0,0,0,0,0,0
pages/partnerDetail/PartnerSettlementManualConfirmationModal.tsx,P2,0,0,0,0,0,124,0,0,0,0,0,0,0,0,0,0,0,0
components/PriceInput.tsx,P2,1,0,0,0,0,117,0,0,0,0,0,0,0,0,0,0,0,0
pages/partnerDetail/PartnerSettlementSubmitResultReviewSection.tsx,P2,0,0,0,0,0,117,0,0,0,0,0,0,0,0,0,0,0,0
components/header/HeaderSearch.tsx,P2,1,0,0,0,0,116,0,0,0,0,0,0,0,0,0,0,0,0
pages/reports/AllSalesLedgerReport.tsx,P2,0,0,0,0,0,114,0,1,0,5,0,0,1,0,0,0,1,0
components/reports/mlOperator/MlOperatorExportReadinessBoard.tsx,P2,0,0,0,1,0,113,0,0,0,0,0,0,0,0,0,0,0,0
components/reports/OfflineCandidateDataDriftBaselineMetadata.tsx,P2,0,0,0,0,0,111,0,2,0,0,0,0,0,0,0,0,2,0
components/reports/OfflineCandidateTrainingPackageQualitySnapshot.tsx,P2,0,0,0,0,0,111,0,1,0,0,0,0,0,0,0,0,1,0
components/SmartSalesAdvisor.tsx,P2,0,0,0,0,0,106,0,0,0,0,0,0,0,0,1,0,0,0
pages/partnerDetail/PartnerSettlementSubmitAttemptHistorySection.tsx,P2,0,0,0,0,0,106,0,0,0,0,0,0,0,0,0,0,0,0
components/main-layout/NavigationBreadcrumbQuickPreview.tsx,P2,0,0,0,1,1,105,2,0,0,0,0,0,0,0,0,0,0,0
components/Notification.tsx,P2,0,0,0,2,0,103,0,0,0,0,0,0,0,0,0,0,0,0
components/reports/mlOperator/MlOperatorExecutiveSummarySnapshot.tsx,P2,0,0,0,0,0,99,0,0,0,0,0,0,0,0,0,0,0,0
components/reports/mlOperator/MlOperatorManagerReviewChecklist.tsx,P2,0,0,0,0,0,99,0,0,0,0,0,0,0,0,0,0,0,0
components/reports/mlOperator/MlOperatorSourceComparisonSnapshot.tsx,P2,0,0,0,1,0,99,0,0,0,0,0,0,0,0,0,0,0,0
components/SmsPatternStudioModal.tsx,P2,0,0,0,0,0,96,0,0,1,1,0,0,0,0,0,0,0,0
components/reports/OfflineCandidateDatasetSliceDiagnostics.tsx,P2,0,0,0,0,0,94,0,1,0,0,0,0,0,0,0,0,1,0
components/reports/OfflineCandidateMetricDrilldown.tsx,P2,0,0,0,0,0,94,0,0,0,0,0,0,0,0,0,0,0,0
pages/AccountingReconciliationCenter.tsx,P2,0,0,0,0,0,93,0,1,0,3,0,0,1,0,0,1,1,0
components/reports/OfflineCandidateModelCardQualityScoring.tsx,P2,0,0,0,0,0,91,0,1,0,0,0,0,0,0,0,0,1,0
components/reports/mlWorkbenchImportDashboard/MetadataImportAnnotationPanel.tsx,P2,0,0,0,0,0,91,0,0,0,3,1,0,0,0,0,0,0,0
components/reports/mlOperator/MlOperatorPanels.tsx,P2,0,0,0,0,0,90,0,0,0,0,0,0,0,0,0,0,0,0
pages/partnerDetail/PartnerFullSettlementModal.tsx,P2,0,0,0,0,0,90,0,0,0,2,1,0,0,0,0,0,0,0
components/reports/mlOperator/MlOperatorRiskAttentionQueue.tsx,P2,0,0,0,0,0,89,0,0,0,0,0,0,0,0,0,0,0,0
pages/dashboard/AddWidgetModal.tsx,P2,1,0,0,0,0,88,0,0,0,0,0,0,0,0,1,0,0,0
components/TelegramTemplateTestModal.tsx,P2,0,0,0,0,0,88,0,0,1,1,0,1,0,0,0,0,0,0
components/CartTable.tsx,P2,1,0,0,0,0,87,0,0,0,0,0,0,0,0,0,0,0,0
pages/partnerDetail/PartnerSettlementManagerSignoffPersistenceImplementationSection.tsx,P2,0,0,0,0,0,87,0,0,0,0,0,0,0,0,0,0,0,0
pages/customerDetail/customerDetailControllerSupport.tsx,P2,0,0,0,1,0,86,0,0,0,0,0,0,0,0,0,0,0,0
components/reports/OfflineCandidateErrorAnalysisMetadata.tsx,P2,0,0,0,0,0,85,0,1,0,0,0,0,0,0,0,0,1,0
components/reports/OfflineCandidateRobustnessMetadata.tsx,P2,0,0,0,0,0,85,0,1,0,0,0,0,0,0,0,0,1,0
pages/customerDetail/CustomerLedgerEntryEditModal.tsx,P2,0,0,0,0,0,85,0,0,0,0,1,0,0,0,0,0,0,0
components/MiniAppDiagnosticCenter.tsx,P2,0,0,0,0,0,84,0,0,1,2,0,0,0,0,0,0,0,0
components/reports/OfflineCandidateCalibrationMetadata.tsx,P2,0,0,0,0,0,84,0,1,0,0,0,0,0,0,0,0,1,0
components/reports/OfflineCandidateThresholdScenarioMetadata.tsx,P2,0,0,0,0,0,84,0,1,0,0,0,0,0,0,0,0,1,0
components/reports/mlOperator/MlOperatorSourceHealthMatrix.tsx,P2,0,0,0,1,0,84,0,0,0,0,0,0,0,0,0,0,0,0
app/feedback/AppToaster.tsx,P2,0,0,0,1,0,83,0,0,0,0,0,0,0,0,0,0,0,0
components/reports/OfflineCandidateFeatureContractDriftMetadata.tsx,P2,0,0,0,0,0,83,0,1,0,0,0,0,0,0,0,0,1,0
pages/ProfilePage.tsx,P2,2,0,0,0,0,81,0,0,0,0,0,0,0,0,0,0,0,0
pages/Services.tsx,P2,0,0,0,0,0,81,0,1,2,0,1,0,0,0,0,0,0,0
components/reports/mlOperator/MlOperatorTimelinePanel.tsx,P2,0,0,0,0,0,79,0,0,0,0,0,0,0,0,0,0,0,0
pages/partnerDetail/PartnerSettlementManagerSignoffPersistenceContractSection.tsx,P2,0,0,0,0,0,78,0,0,0,0,0,0,0,0,0,0,0,0
components/WorkflowWizard.tsx,P2,0,0,0,1,0,77,0,0,0,0,0,0,0,0,0,0,0,0
pages/partnerDetail/PartnerSettlementSubmitFailureRecoverySection.tsx,P2,0,0,0,0,0,77,0,0,0,0,0,0,0,0,0,0,0,0
components/reports/GenericSmartInsightModal.tsx,P2,0,0,0,0,0,76,0,0,0,0,0,0,0,0,0,0,0,0
pages/reports/FinancialOverview.tsx,P2,1,0,0,2,0,72,0,1,0,1,0,0,0,0,0,0,0,0
pages/partnerDetail/partnerDetailControllerSupport.tsx,P2,0,0,0,0,0,72,0,0,0,0,0,0,0,0,0,0,0,0
components/reports/MlOperatorOverview.tsx,P2,0,0,0,0,0,68,0,0,0,0,0,0,0,0,0,0,0,0
components/reports/OfflineEvaluationComparisonDashboard.tsx,P2,0,0,0,0,0,68,0,1,0,0,0,0,0,0,0,0,1,0
components/reports/mlOperator/MlOperatorFilterToolbar.tsx,P2,0,0,0,0,0,68,0,0,1,3,0,0,0,0,0,0,0,0
pages/Invoices.tsx,P2,0,0,0,0,0,66,0,2,0,1,0,0,0,0,0,0,2,0
components/PhoneModelAutocomplete.tsx,P2,1,0,0,0,1,65,0,0,0,0,0,0,0,0,0,0,0,0
components/SmsHealthCheckPanel.tsx,P2,0,0,0,0,0,65,0,0,0,0,0,0,0,0,0,0,0,0
components/reports/OfflineCandidateDeploymentReadinessMetadata.tsx,P2,0,0,0,0,0,63,0,0,0,0,0,0,0,0,0,0,0,0
components/reports/ReportsDecisionEngine.tsx,P2,0,0,0,0,0,62,0,0,0,0,0,0,0,0,0,0,0,0
pages/SalesHub.tsx,P2,0,0,0,0,0,62,0,0,0,1,0,0,0,0,0,0,0,0
components/reports/mlOperator/MlOperatorAccessVisibilityAssurance.tsx,P2,0,0,0,0,0,60,0,0,0,0,0,0,0,0,0,0,0,0
components/SmsBulkTestModal.tsx,P2,0,0,0,0,0,59,0,0,1,1,0,0,0,0,0,0,0,0
pages/reports/PhoneSalesReport.tsx,P2,0,0,0,0,0,58,0,1,0,1,0,0,1,0,0,0,1,0
pages/ReportsLayout.tsx,P2,1,0,0,0,0,57,0,0,0,0,0,0,0,0,2,0,0,0
components/reports/HiddenProfitSection.tsx,P2,0,0,0,0,0,57,0,0,0,0,0,0,0,0,0,0,0,0
components/ReportSchedulePanel.tsx,P2,2,0,0,0,0,56,0,1,0,1,0,0,0,0,0,0,0,0
components/reports/PricingRecommendationsSection.tsx,P2,0,0,0,0,0,56,0,0,0,0,0,0,0,0,0,0,0,0
components/SmsTestRecipientAllowlistCard.tsx,P2,0,0,0,0,0,54,0,0,2,0,0,0,0,0,0,0,0,0
components/reports/mlOperator/MlOperatorFinalConsolidationLock.tsx,P2,0,0,0,0,0,52,0,0,0,0,0,0,0,0,0,0,0,0
components/SidebarItem.tsx,P2,0,0,0,0,0,51,0,0,0,0,0,0,0,0,0,0,0,0
components/reports/mlWorkbenchImportDashboard/MetadataImportTrendRegressionPanel.tsx,P2,0,0,0,0,0,51,0,0,0,0,0,0,0,0,0,0,0,0
components/reports/mlOperator/MlOperatorDetailSections.tsx,P2,0,0,0,0,0,50,0,0,0,0,0,0,0,0,0,0,0,0
components/CartSummary.tsx,P2,0,0,0,0,0,49,0,0,0,0,1,1,0,0,0,0,0,0
components/reports/mlWorkbenchImportDashboard/MetadataImportAnnotationSearchPanel.tsx,P2,0,0,0,0,0,49,0,0,4,3,0,0,0,0,0,0,0,0
components/reports/mlWorkbenchImportDashboard/MetadataImportConsistencyHeatmapPanel.tsx,P2,0,0,0,1,0,49,0,0,0,0,0,0,0,0,0,0,0,0
pages/partnerDetail/PartnerDetailHeaderSection.tsx,P2,0,0,0,0,0,49,0,0,0,0,0,0,0,0,0,0,0,0
components/reports/mlWorkbenchImportDashboard/MetadataImportDetailDrawer.tsx,P2,0,0,0,0,0,48,0,0,0,0,0,0,0,0,0,0,0,0
components/reports/mlWorkbenchImportDashboard/MetadataImportComparisonPanel.tsx,P2,0,0,0,0,0,47,0,0,0,0,0,0,0,0,0,0,0,0
components/reports/mlWorkbenchImportDashboard/MetadataImportSavedViewUsagePanel.tsx,P2,0,0,0,0,0,47,0,0,0,0,0,0,0,0,0,0,0,0
pages/reports/SalesProfit.tsx,P2,1,0,0,0,0,46,0,1,0,0,0,0,0,0,0,0,0,0
components/reports/SuspiciousAuditSection.tsx,P2,0,0,0,0,0,45,0,0,0,0,0,0,0,0,0,0,0,0
components/people/PartnerDirectoryList.tsx,P2,0,0,0,0,0,44,0,0,0,0,0,0,0,0,0,0,0,1
components/reports/mlOperator/MlOperatorCards.tsx,P2,0,0,0,0,0,44,0,0,0,0,0,0,0,0,0,0,0,0
components/FinancialStatusBadge.tsx,P2,0,0,0,0,0,42,0,0,0,0,0,0,0,0,0,0,0,0
components/reports/SalesAgentLeadCard.tsx,P2,0,0,0,0,0,42,0,0,0,0,0,0,0,0,0,0,0,0
components/main-layout/NavigationReturnBar.tsx,P2,0,0,0,0,0,41,0,0,0,0,0,0,0,0,0,0,0,0
pages/reports/ProductMargins.tsx,P2,0,0,0,0,0,41,0,1,1,1,0,0,0,0,0,0,0,0
pages/customerDetail/CustomerPurchaseHistoryPrintSection.tsx,P2,0,0,0,9,0,39,0,2,0,0,0,0,0,0,0,0,1,0
components/reports/mlOperator/MlOperatorSavedViewsPanel.tsx,P2,0,0,0,0,0,37,0,0,0,0,0,0,0,0,0,0,0,0
pages/Reports.tsx,P2,0,0,0,0,0,37,0,0,0,0,0,0,0,0,0,0,0,0
pages/settings/Backups.tsx,P2,0,0,0,0,0,36,0,1,0,0,0,0,0,0,0,0,0,0
components/AppErrorBoundary.tsx,P2,0,0,0,0,0,35,0,0,0,0,0,0,0,0,0,0,0,0
components/auth/AuthPageShell.tsx,P2,0,0,0,0,0,35,0,0,0,0,0,0,0,0,0,0,0,0
pages/partnerDetail/PartnerLedgerPaymentModal.tsx,P2,0,0,0,0,0,35,0,0,0,0,1,0,0,3,0,0,0,0
components/reports/mlWorkbenchImportDashboard/MetadataImportShadowReadinessBridgePanel.tsx,P2,0,0,0,0,0,34,0,0,0,0,0,0,0,0,0,0,0,0
pages/dashboard/WidgetShell.tsx,P2,0,0,0,0,0,34,0,0,0,0,0,0,0,0,0,0,0,0
components/reports/OverviewCardsSection.tsx,P2,0,0,0,0,0,33,0,0,0,0,0,0,0,0,0,0,0,0
components/reports/mlOperator/MlOperatorDetailDrawer.tsx,P2,0,0,0,0,1,31,0,0,0,0,0,0,0,0,0,0,0,0
pages/partnerDetail/PartnerEditProfileModal.tsx,P2,0,0,0,0,0,31,0,0,4,1,2,0,0,7,0,0,0,0
pages/partnerDetail/PartnerPhoneSettlementModal.tsx,P2,0,0,0,0,0,31,0,0,0,0,1,0,0,3,0,0,0,0
pages/reports/ProfitabilityReport.tsx,P2,0,0,0,0,0,31,0,1,0,1,0,0,1,0,0,0,1,0
components/reports/InvoiceAuditModal.tsx,P2,0,0,0,0,0,30,0,0,0,0,0,0,0,0,0,0,0,0
pages/reports/AnalysisHub.tsx,P2,0,0,0,0,0,29,0,0,0,0,0,0,0,0,0,0,0,0
components/StatCard.tsx,P2,0,0,0,1,0,28,0,0,0,0,0,0,0,0,0,0,0,0
components/reports/mlWorkbenchImportDashboard/MetadataImportSummaryCards.tsx,P2,0,0,0,0,0,28,0,0,0,0,0,0,0,0,0,0,0,0
components/profile/AvatarCropDialog.tsx,P2,1,0,0,2,0,26,0,0,0,0,0,0,0,0,0,0,0,0
components/SmsAutoSendSheet.tsx,P2,0,0,0,0,0,26,0,0,0,0,0,0,0,0,1,0,0,0
pages/InvoiceDetail.tsx,P2,3,0,0,2,0,25,0,1,0,0,1,0,0,0,0,0,0,0
components/reports/ReportsAutoActionEngine.tsx,P2,0,0,0,0,0,24,0,0,0,0,0,0,0,0,0,0,0,0
components/reports/mlWorkbenchImportDashboard/MetadataImportSavedViewsPanel.tsx,P2,0,0,0,0,0,24,0,0,0,0,0,0,0,0,0,0,0,0
components/FormErrorSummary.tsx,P2,0,0,0,0,0,22,0,0,0,0,0,0,0,0,0,0,0,0
components/reports/mlOperator/MlOperatorSafetyPanel.tsx,P2,0,0,0,0,0,22,0,0,0,0,0,0,0,0,0,0,0,0
components/reports/SalesAgentBoardSection.tsx,P2,0,0,0,0,0,20,0,0,0,0,0,0,0,0,0,0,0,0
components/reports/mlWorkbenchImportDashboard/MetadataImportHistoryPanel.tsx,P2,0,0,0,0,0,20,0,1,0,0,0,0,0,0,0,0,1,0
pages/partnerDetail/PartnerLedgerEntryEditModal.tsx,P2,0,0,0,0,0,19,0,0,1,0,0,0,0,3,0,0,0,0
components/ProfitCollectionRateBadge.tsx,P2,0,0,0,0,0,18,0,0,0,0,0,0,0,0,0,0,0,0
pages/partnerDetail/PartnerOverviewKpiSection.tsx,P2,0,0,0,0,0,18,0,0,0,0,0,0,0,0,0,0,0,0
pages/StockCounts.tsx,P2,1,0,0,0,0,17,0,1,0,0,0,0,0,0,0,0,1,0
components/HubCard.tsx,P2,0,0,0,0,0,16,0,0,0,0,0,0,0,0,0,0,0,0
pages/Forbidden.tsx,P2,0,0,0,0,0,15,0,0,0,0,0,0,0,0,0,0,0,0
pages/InvoiceForm.tsx,P2,3,0,0,0,0,14,0,0,0,0,0,2,0,0,0,0,0,0
components/FinancialProgressBar.tsx,P2,0,0,0,1,0,14,0,0,0,0,0,0,0,0,0,0,0,0
components/SellableItemSelect.tsx,P2,0,0,0,0,0,14,0,0,0,0,0,1,0,0,0,0,0,0
pages/reports/CohortReport.tsx,P2,0,0,0,1,0,14,0,1,1,1,0,0,0,0,0,0,0,0
components/people/PeopleDirectoryOverview.tsx,P2,0,0,0,0,0,12,0,0,0,0,0,0,0,0,0,0,0,0
components/TelegramTopicPanel.tsx,P2,0,0,0,0,0,11,0,0,0,1,2,0,0,0,0,0,0,0
components/reports/DecisionMemoryOverviewModal.tsx,P2,0,0,0,3,0,11,0,0,0,0,0,0,0,0,0,0,0,0
components/reports/RepetitionOverviewModal.tsx,P2,0,0,0,2,0,11,0,0,0,0,0,0,0,0,0,0,0,0
components/reports/mlWorkbenchImportDashboard/MetadataImportProgressiveDisclosure.tsx,P2,0,0,0,0,0,11,0,0,0,0,0,0,0,0,0,0,0,0
components/ChartStylePicker.tsx,P2,0,0,0,0,0,10,0,0,0,0,0,0,0,0,0,0,0,0
components/ExportMenu.tsx,P2,0,0,0,1,0,10,0,0,0,0,0,0,0,0,0,0,0,0
components/SalesAreaChart.tsx,P2,0,0,0,1,0,10,0,0,0,0,0,0,0,0,0,0,0,0
pages/InstallApp.tsx,P2,0,0,0,0,0,9,0,0,0,0,0,0,0,0,0,0,0,0
components/people/PeopleUiKit.tsx,P2,0,0,0,0,0,8,0,0,0,0,0,0,0,0,0,0,0,0
components/reports/DailyBriefSection.tsx,P2,0,0,0,0,0,8,0,0,0,0,0,0,0,0,0,0,0,0
components/reports/ModernKpiCard.tsx,P2,0,0,0,0,0,8,0,0,0,0,0,0,0,0,0,0,0,0
components/reports/PremiumStatCard.tsx,P2,0,0,0,0,0,8,0,0,0,0,0,0,0,0,0,0,0,0
components/sidebar/SidebarNavTree.tsx,P2,0,0,0,0,0,8,0,0,0,0,0,0,0,0,0,0,0,0
components/TableToolbar.tsx,P2,0,0,0,0,0,7,0,0,0,0,0,0,1,0,0,0,0,0
components/reports/mlOperator/MlOperatorMetadataField.tsx,P2,0,0,0,0,0,7,0,0,0,0,0,0,0,0,0,0,0,0
pages/qa/LoadingButtonRuntimeMatrix.tsx,P2,0,0,0,0,0,7,0,0,0,0,0,0,0,0,0,0,0,0
pages/reports/CollectionFollowupCenter.tsx,P2,0,0,0,0,0,7,0,0,0,0,0,0,1,0,1,0,0,0
components/Header.tsx,P2,0,0,0,0,0,6,0,0,0,0,0,0,0,0,0,0,0,0
components/ServiceQuickSell.tsx,P2,0,0,0,0,0,6,0,0,0,0,0,0,0,0,0,0,0,0
components/reports/ExecutiveBrainHeroSection.tsx,P2,0,0,0,1,0,6,0,0,0,0,0,0,0,0,0,0,0,0
components/reports/mlWorkbenchImportDashboard/MetadataImportEmptyState.tsx,P2,0,0,0,0,0,6,0,0,0,0,0,0,0,0,0,0,0,0
components/reports/mlWorkbenchImportDashboard/MetadataImportErrorState.tsx,P2,0,0,0,0,0,6,0,0,0,0,0,0,0,0,0,0,0,0
components/reports/mlWorkbenchImportDashboard/MetadataImportLatestResultPanel.tsx,P2,0,0,0,0,0,6,0,0,0,0,0,0,0,0,0,0,0,0
pages/PublicInvoiceDetail.tsx,P2,0,0,0,0,0,6,0,1,0,0,0,0,0,0,0,0,0,0
pages/customerDetail/CustomerProfileEditModal.tsx,P2,0,0,0,0,0,6,0,0,3,0,2,0,0,0,0,0,0,0
pages/reports/CompareSales.tsx,P2,0,0,0,0,0,6,0,1,0,1,0,0,0,0,1,0,0,0
pages/reports/FollowupsReport.tsx,P2,0,0,0,0,0,6,0,1,3,1,2,0,0,0,0,0,0,0
pages/NotFound.tsx,P2,0,0,0,0,0,5,0,0,0,0,0,0,0,0,0,0,0,0
pages/reports/SmartInsightCenter.tsx,P2,0,0,0,0,0,5,0,0,0,0,0,0,0,0,0,0,0,0
pages/LabelPrint.tsx,P2,2,0,0,1,0,4,0,0,0,0,0,0,0,0,0,0,0,0
pages/tools/LabelPrint.tsx,P2,2,0,0,1,0,4,0,0,0,0,0,0,0,0,0,0,0,0
components/AppLoadingScreen.tsx,P2,0,0,0,3,0,4,0,0,0,0,0,0,0,0,0,0,0,0
components/ThemeToggle.tsx,P2,0,0,0,0,0,4,0,0,0,0,0,0,0,0,0,0,0,0
components/reports/InsightsGridSection.tsx,P2,0,0,0,0,0,4,0,0,0,0,0,0,0,0,0,0,0,0
components/reports/mlOperator/MlOperatorCopyButton.tsx,P2,0,0,0,0,0,4,0,0,0,0,0,0,0,0,0,0,0,0
components/reports/mlWorkbenchImportDashboard/MetadataImportDashboardHeader.tsx,P2,0,0,0,0,0,4,0,0,0,0,0,0,0,0,0,0,0,0
pages/reports/ProductProfitReal.tsx,P2,0,0,0,2,0,4,0,1,0,0,0,0,1,0,0,0,1,0
pages/reports/PurchaseSuggestionReport.tsx,P2,1,0,0,0,0,3,0,1,0,0,0,0,0,0,1,0,0,0
components/header/HeaderTitleArea.tsx,P2,0,0,0,0,0,3,0,0,0,0,0,0,0,0,0,0,0,0
components/reports/CustomerIntelligenceSection.tsx,P2,0,0,0,0,0,3,0,0,0,0,0,0,0,0,0,0,0,0
components/reports/RealProfitEngineSection.tsx,P2,0,0,0,0,0,3,0,0,0,0,0,0,0,0,0,0,0,0
components/reports/mlWorkbenchImportDashboard/MlWorkbenchImportResultDashboardRoot.tsx,P2,0,0,0,0,0,3,0,0,0,0,0,0,0,0,0,0,0,0
pages/customerDetail/CustomerDetailRender.tsx,P2,0,0,0,0,0,3,0,0,0,0,0,0,0,0,0,0,0,0
pages/partnerDetail/PartnerDetailRender.tsx,P2,0,0,0,0,0,3,0,0,0,0,0,0,0,0,0,0,0,0
components/PwaInstallOverlay.tsx,P2,0,0,0,0,0,2,0,0,0,0,0,0,0,0,0,0,0,0
components/main-layout/MainContentFrame.tsx,P2,0,0,0,1,0,2,0,0,0,0,0,0,0,0,0,0,0,0
components/main-layout/MainLayoutShell.tsx,P2,0,0,0,1,0,2,0,0,0,0,0,0,0,0,0,0,0,0
components/reports/mlWorkbenchImportDashboard/MetadataImportSafetyProofPanel.tsx,P2,0,0,0,0,0,2,0,0,0,0,0,0,0,0,0,0,0,0
pages/PrintReportShell.tsx,P2,0,0,0,0,0,2,0,0,0,0,0,0,0,0,0,0,0,0
pages/reports/MlOperatorOverviewPage.tsx,P2,0,0,0,0,0,2,0,0,0,0,0,0,0,0,0,0,0,0
pages/reports/SalesReport.tsx,P2,0,0,0,0,0,2,0,1,0,1,0,0,1,0,0,0,1,0
components/ProtectedRoute.tsx,P2,0,0,0,0,0,1,0,0,0,0,0,0,0,0,0,0,0,0
components/PublicRoute.tsx,P2,0,0,0,0,0,1,0,0,0,0,0,0,0,0,0,0,0,0
components/RoleProtectedRoute.tsx,P2,0,0,0,0,0,1,0,0,0,0,0,0,0,0,0,0,0,0
components/reports/SmartInsightCard.tsx,P2,0,0,0,0,0,1,0,0,0,0,0,0,0,0,0,0,0,0
pages/PrintLayout.tsx,P2,0,0,0,0,0,1,0,0,0,0,0,0,0,0,0,0,0,0
components/ShamsiDatePicker.tsx,P2,1,0,0,2,0,0,0,0,0,0,0,0,0,0,0,0,0,0
components/command-palette/CommandPaletteSearchHeader.tsx,P2,1,0,0,0,0,0,0,0,0,0,0,0,0,0,0,0,0,0
components/sidebar/SidebarSearch.tsx,P2,1,0,0,0,0,0,0,0,0,0,0,0,0,0,0,0,0,0
pages/reports/DeadStockReport.tsx,P2,1,0,0,0,0,0,0,1,0,2,0,0,0,0,0,0,1,0
components/LoginLogoDrawable.tsx,P2,0,0,0,1,0,0,0,0,0,0,0,0,0,0,0,0,0,0
components/MessageComposerModal.tsx,P2,0,0,0,1,0,0,0,0,4,0,1,1,0,6,0,0,0,0
components/OrbBackdrop.tsx,P2,0,0,0,2,0,0,0,0,0,0,0,0,0,0,0,0,0,0
components/reports/PredictiveEngineSection.tsx,P2,0,0,0,1,0,0,0,0,0,0,0,0,0,0,0,0,0,0
components/reports/PremiumDataTable.tsx,P2,0,0,0,0,0,0,0,1,0,1,0,0,1,0,0,0,1,0
components/reports/SideKpisOverviewModal.tsx,P2,0,0,0,1,0,0,0,0,0,0,0,0,0,0,0,0,0,0
pages/AuditLog.tsx,P2,0,0,0,0,0,0,0,1,1,3,0,0,0,0,1,0,1,0
pages/Outbox.tsx,P2,0,0,0,0,0,0,0,2,2,4,0,0,0,0,3,0,0,0
pages/dashboard/widgets/ClockWidget.tsx,P2,0,0,0,1,0,0,0,0,0,0,0,0,0,0,0,0,0,0
pages/reports/AbcAnalysisReport.tsx,P2,0,0,0,0,0,0,0,1,0,1,0,0,0,0,0,0,0,0
pages/reports/AgingReceivablesReport.tsx,P2,0,0,0,0,0,0,0,1,0,0,0,0,0,0,0,0,1,0
pages/reports/CashflowReport.tsx,P2,0,0,0,4,0,0,0,0,0,1,0,0,0,0,0,0,0,0
pages/reports/CreditorsReport.tsx,P2,0,0,0,1,0,0,0,1,1,1,0,0,0,0,0,0,0,0
pages/reports/DebtorsReport.tsx,P2,0,0,0,1,0,0,0,1,1,1,0,0,0,0,0,0,0,0
pages/reports/FinancialAuditReport.tsx,P2,0,0,0,0,0,0,0,1,0,2,0,0,0,0,0,0,1,0
pages/reports/ManagerCreditApprovalsReport.tsx,P2,0,0,0,0,0,0,0,1,0,0,0,0,1,0,0,0,0,0
pages/reports/RfmReport.tsx,P2,0,0,0,0,0,0,0,1,1,1,0,0,0,0,0,0,0,0
pages/reports/TopSuppliersReport.tsx,P2,0,0,0,0,0,0,0,1,1,1,0,0,0,0,0,0,0,0
